level,vineyard_id,row_id,block_count,row_count,row_length_m,canopy_area_m2,canopy_area_ha,interrow_area_m2,interrow_area_ha
total,,,53,792,50173.988,14135.162,1.414,93744.59,9.374
block,V06-03,,,70,3838.731,1178.391,0.118,7193.188,0.719
row,V06-03,V06-03-R001,,,31.015,,,,
row,V06-03,V06-03-R002,,,36.349,,,,
row,V06-03,V06-03-R003,,,37.981,,,,
row,V06-03,V06-03-R004,,,42.735,,,,
row,V06-03,V06-03-R005,,,48.834,,,,
row,V06-03,V06-03-R006,,,56.102,,,,
row,V06-03,V06-03-R007,,,61.168,,,,
row,V06-03,V06-03-R008,,,66.892,,,,
row,V06-03,V06-03-R009,,,69.235,,,,
row,V06-03,V06-03-R010,,,68.654,,,,
row,V06-03,V06-03-R011,,,73.286,,,,
row,V06-03,V06-03-R012,,,81.447,,,,
row,V06-03,V06-03-R013,,,87.142,,,,
row,V06-03,V06-03-R014,,,92.558,,,,
row,V06-03,V06-03-R015,,,103.261,,,,
row,V06-03,V06-03-R016,,,109.142,,,,
row,V06-03,V06-03-R017,,,74.407,,,,
row,V06-03,V06-03-R018,,,74.224,,,,
row,V06-03,V06-03-R019,,,71.71,,,,
row,V06-03,V06-03-R020,,,64.922,,,,
row,V06-03,V06-03-R021,,,60.227,,,,
row,V06-03,V06-03-R022,,,60.801,,,,
row,V06-03,V06-03-R023,,,61.317,,,,
row,V06-03,V06-03-R024,,,62.498,,,,
row,V06-03,V06-03-R025,,,63.297,,,,
row,V06-03,V06-03-R026,,,63.884,,,,
row,V06-03,V06-03-R027,,,63.32,,,,
row,V06-03,V06-03-R028,,,64.358,,,,
row,V06-03,V06-03-R029,,,63.119,,,,
row,V06-03,V06-03-R030,,,63.291,,,,
row,V06-03,V06-03-R031,,,63.463,,,,
row,V06-03,V06-03-R032,,,63.635,,,,
row,V06-03,V06-03-R033,,,62.946,,,,
row,V06-03,V06-03-R034,,,62.137,,,,
row,V06-03,V06-03-R035,,,60.848,,,,
row,V06-03,V06-03-R036,,,57.809,,,,
row,V06-03,V06-03-R037,,,55.909,,,,
row,V06-03,V06-03-R038,,,55.905,,,,
row,V06-03,V06-03-R039,,,55.306,,,,
row,V06-03,V06-03-R040,,,55.433,,,,
row,V06-03,V06-03-R041,,,54.26,,,,
row,V06-03,V06-03-R042,,,54.874,,,,
row,V06-03,V06-03-R043,,,54.76,,,,
row,V06-03,V06-03-R044,,,53.931,,,,
row,V06-03,V06-03-R045,,,53.087,,,,
row,V06-03,V06-03-R046,,,53.248,,,,
row,V06-03,V06-03-R047,,,52.383,,,,
row,V06-03,V06-03-R048,,,50.036,,,,
row,V06-03,V06-03-R049,,,52.387,,,,
row,V06-03,V06-03-R050,,,52.094,,,,
row,V06-03,V06-03-R051,,,51.954,,,,
row,V06-03,V06-03-R052,,,51.232,,,,
row,V06-03,V06-03-R053,,,51.961,,,,
row,V06-03,V06-03-R054,,,52.11,,,,
row,V06-03,V06-03-R055,,,50.691,,,,
row,V06-03,V06-03-R056,,,50.544,,,,
row,V06-03,V06-03-R057,,,51.73,,,,
row,V06-03,V06-03-R058,,,44.484,,,,
row,V06-03,V06-03-R059,,,43.922,,,,
row,V06-03,V06-03-R060,,,42.615,,,,
row,V06-03,V06-03-R061,,,39.077,,,,
row,V06-03,V06-03-R062,,,39.519,,,,
row,V06-03,V06-03-R063,,,39.37,,,,
row,V06-03,V06-03-R064,,,29.71,,,,
row,V06-03,V06-03-R065,,,19.243,,,,
row,V06-03,V06-03-R066,,,25.004,,,,
row,V06-03,V06-03-R067,,,18.911,,,,
row,V06-03,V06-03-R068,,,15.685,,,,
row,V06-03,V06-03-R069,,,13.491,,,,
row,V06-03,V06-03-R070,,,5.848,,,,
block,V08-04,,,58,6206.057,1732.399,0.173,11743.565,1.174
row,V08-04,V08-04-R001,,,52.163,,,,
row,V08-04,V08-04-R002,,,53.863,,,,
row,V08-04,V08-04-R003,,,54.905,,,,
row,V08-04,V08-04-R004,,,55.468,,,,
row,V08-04,V08-04-R005,,,56.358,,,,
row,V08-04,V08-04-R006,,,58.323,,,,
row,V08-04,V08-04-R007,,,104.631,,,,
row,V08-04,V08-04-R008,,,108.323,,,,
row,V08-04,V08-04-R009,,,106.831,,,,
row,V08-04,V08-04-R010,,,106.326,,,,
row,V08-04,V08-04-R011,,,110.517,,,,
row,V08-04,V08-04-R012,,,114.618,,,,
row,V08-04,V08-04-R013,,,114.073,,,,
row,V08-04,V08-04-R014,,,116.826,,,,
row,V08-04,V08-04-R015,,,117.547,,,,
row,V08-04,V08-04-R016,,,116.559,,,,
row,V08-04,V08-04-R017,,,117.737,,,,
row,V08-04,V08-04-R018,,,118.38,,,,
row,V08-04,V08-04-R019,,,119.264,,,,
row,V08-04,V08-04-R020,,,119.292,,,,
row,V08-04,V08-04-R021,,,118.784,,,,
row,V08-04,V08-04-R022,,,118.37,,,,
row,V08-04,V08-04-R023,,,117.828,,,,
row,V08-04,V08-04-R024,,,117.343,,,,
row,V08-04,V08-04-R025,,,116.884,,,,
row,V08-04,V08-04-R026,,,116.346,,,,
row,V08-04,V08-04-R027,,,115.869,,,,
row,V08-04,V08-04-R028,,,115.558,,,,
row,V08-04,V08-04-R029,,,117.063,,,,
row,V08-04,V08-04-R030,,,117.224,,,,
row,V08-04,V08-04-R031,,,118.509,,,,
row,V08-04,V08-04-R032,,,116.963,,,,
row,V08-04,V08-04-R033,,,117.379,,,,
row,V08-04,V08-04-R034,,,117.603,,,,
row,V08-04,V08-04-R035,,,118.763,,,,
row,V08-04,V08-04-R036,,,119.261,,,,
row,V08-04,V08-04-R037,,,118.904,,,,
row,V08-04,V08-04-R038,,,119.37,,,,
row,V08-04,V08-04-R039,,,118.92,,,,
row,V08-04,V08-04-R040,,,119.437,,,,
row,V08-04,V08-04-R041,,,119.095,,,,
row,V08-04,V08-04-R042,,,118.636,,,,
row,V08-04,V08-04-R043,,,118.486,,,,
row,V08-04,V08-04-R044,,,120.789,,,,
row,V08-04,V08-04-R045,,,120.273,,,,
row,V08-04,V08-04-R046,,,121.057,,,,
row,V08-04,V08-04-R047,,,121.298,,,,
row,V08-04,V08-04-R048,,,121.437,,,,
row,V08-04,V08-04-R049,,,121.575,,,,
row,V08-04,V08-04-R050,,,121.641,,,,
row,V08-04,V08-04-R051,,,121.262,,,,
row,V08-04,V08-04-R052,,,120.542,,,,
row,V08-04,V08-04-R053,,,120.04,,,,
row,V08-04,V08-04-R054,,,116.451,,,,
row,V08-04,V08-04-R055,,,114.854,,,,
row,V08-04,V08-04-R056,,,49.506,,,,
row,V08-04,V08-04-R057,,,42.876,,,,
row,V08-04,V08-04-R058,,,37.858,,,,
block,V09-01,,,46,4113.964,1509.477,0.151,9671.729,0.967
row,V09-01,V09-01-R001,,,39.872,,,,
row,V09-01,V09-01-R002,,,54.858,,,,
row,V09-01,V09-01-R003,,,74.164,,,,
row,V09-01,V09-01-R004,,,86.019,,,,
row,V09-01,V09-01-R005,,,98.705,,,,
row,V09-01,V09-01-R006,,,105.311,,,,
row,V09-01,V09-01-R007,,,105.155,,,,
row,V09-01,V09-01-R008,,,104.753,,,,
row,V09-01,V09-01-R009,,,104.332,,,,
row,V09-01,V09-01-R010,,,103.672,,,,
row,V09-01,V09-01-R011,,,104.163,,,,
row,V09-01,V09-01-R012,,,103.623,,,,
row,V09-01,V09-01-R013,,,103.143,,,,
row,V09-01,V09-01-R014,,,102.891,,,,
row,V09-01,V09-01-R015,,,102.735,,,,
row,V09-01,V09-01-R016,,,102.33,,,,
row,V09-01,V09-01-R017,,,103.284,,,,
row,V09-01,V09-01-R018,,,102.351,,,,
row,V09-01,V09-01-R019,,,102.802,,,,
row,V09-01,V09-01-R020,,,99.91,,,,
row,V09-01,V09-01-R021,,,103.35,,,,
row,V09-01,V09-01-R022,,,100.914,,,,
row,V09-01,V09-01-R023,,,104.373,,,,
row,V09-01,V09-01-R024,,,99.456,,,,
row,V09-01,V09-01-R025,,,103.438,,,,
row,V09-01,V09-01-R026,,,103.221,,,,
row,V09-01,V09-01-R027,,,102.682,,,,
row,V09-01,V09-01-R028,,,99.018,,,,
row,V09-01,V09-01-R029,,,98.705,,,,
row,V09-01,V09-01-R030,,,98.749,,,,
row,V09-01,V09-01-R031,,,100.013,,,,
row,V09-01,V09-01-R032,,,100.389,,,,
row,V09-01,V09-01-R033,,,98.362,,,,
row,V09-01,V09-01-R034,,,97.937,,,,
row,V09-01,V09-01-R035,,,98.031,,,,
row,V09-01,V09-01-R036,,,99.24,,,,
row,V09-01,V09-01-R037,,,99.854,,,,
row,V09-01,V09-01-R038,,,99.56,,,,
row,V09-01,V09-01-R039,,,99.427,,,,
row,V09-01,V09-01-R040,,,99.549,,,,
row,V09-01,V09-01-R041,,,80.608,,,,
row,V09-01,V09-01-R042,,,31.279,,,,
row,V09-01,V09-01-R043,,,12.755,,,,
row,V09-01,V09-01-R044,,,20.134,,,,
row,V09-01,V09-01-R045,,,35.083,,,,
row,V09-01,V09-01-R046,,,23.765,,,,
block,V11-07,,,3,238.519,105.292,0.011,374.963,0.037
row,V11-07,V11-07-R002,,,82.013,,,,
row,V11-07,V11-07-R003,,,81.188,,,,
row,V11-07,V11-07-R004,,,75.318,,,,
block,V12-04,,,26,871.434,266.731,0.027,1348.071,0.135
row,V12-04,V12-04-R001,,,10.197,,,,
row,V12-04,V12-04-R002,,,11.694,,,,
row,V12-04,V12-04-R003,,,12.579,,,,
row,V12-04,V12-04-R004,,,15.604,,,,
row,V12-04,V12-04-R005,,,17.975,,,,
row,V12-04,V12-04-R006,,,19.662,,,,
row,V12-04,V12-04-R007,,,20.919,,,,
row,V12-04,V12-04-R008,,,24.264,,,,
row,V12-04,V12-04-R009,,,26.191,,,,
row,V12-04,V12-04-R010,,,28.037,,,,
row,V12-04,V12-04-R011,,,30.022,,,,
row,V12-04,V12-04-R012,,,32.54,,,,
row,V12-04,V12-04-R013,,,35.602,,,,
row,V12-04,V12-04-R014,,,37.517,,,,
row,V12-04,V12-04-R015,,,37.469,,,,
row,V12-04,V12-04-R016,,,39.226,,,,
row,V12-04,V12-04-R017,,,38.578,,,,
row,V12-04,V12-04-R018,,,41.934,,,,
row,V12-04,V12-04-R019,,,42.017,,,,
row,V12-04,V12-04-R020,,,46.28,,,,
row,V12-04,V12-04-R021,,,51.187,,,,
row,V12-04,V12-04-R022,,,53.81,,,,
row,V12-04,V12-04-R023,,,55.368,,,,
row,V12-04,V12-04-R024,,,56.843,,,,
row,V12-04,V12-04-R025,,,59.134,,,,
row,V12-04,V12-04-R026,,,26.786,,,,
block,V12-05,,,12,189.747,24.189,0.002,110.987,0.011
row,V12-05,V12-05-R001,,,19.129,,,,
row,V12-05,V12-05-R002,,,34.868,,,,
row,V12-05,V12-05-R003,,,19.915,,,,
row,V12-05,V12-05-R004,,,39.204,,,,
row,V12-05,V12-05-R005,,,21.067,,,,
row,V12-05,V12-05-R006,,,6.954,,,,
row,V12-05,V12-05-R007,,,13.004,,,,
row,V12-05,V12-05-R008,,,6.965,,,,
row,V12-05,V12-05-R009,,,7.168,,,,
row,V12-05,V12-05-R010,,,7.077,,,,
row,V12-05,V12-05-R011,,,7.115,,,,
row,V12-05,V12-05-R012,,,7.28,,,,
block,V13-08,,,3,72.187,21.489,0.002,58.252,0.006
row,V13-08,V13-08-R001,,,26.525,,,,
row,V13-08,V13-08-R002,,,26.747,,,,
row,V13-08,V13-08-R003,,,18.915,,,,
block,V13-08-2,,,1,9.135,1.99,0.0,0.0,0.0
row,V13-08-2,V13-08-2-R001,,,9.135,,,,
block,V13-09,,,23,942.6,206.85,0.021,1337.585,0.134
row,V13-09,V13-09-R013,,,44.084,,,,
row,V13-09,V13-09-R014,,,44.639,,,,
row,V13-09,V13-09a-R001,,,44.558,,,,
row,V13-09,V13-09a-R002,,,45.102,,,,
row,V13-09,V13-09a-R003,,,45.597,,,,
row,V13-09,V13-09a-R004,,,46.142,,,,
row,V13-09,V13-09a-R005,,,46.637,,,,
row,V13-09,V13-09a-R006,,,47.329,,,,
row,V13-09,V13-09a-R007,,,47.874,,,,
row,V13-09,V13-09a-R008,,,48.369,,,,
row,V13-09,V13-09a-R009,,,48.914,,,,
row,V13-09,V13-09a-R010,,,49.408,,,,
row,V13-09,V13-09a-R011,,,49.953,,,,
row,V13-09,V13-09a-R012,,,52.91,,,,
row,V13-09,V13-09b-R001,,,18.393,,,,
row,V13-09,V13-09b-R002,,,21.262,,,,
row,V13-09,V13-09b-R003,,,21.73,,,,
row,V13-09,V13-09b-R004,,,22.315,,,,
row,V13-09,V13-09b-R005,,,37.915,,,,
row,V13-09,V13-09b-R006,,,38.616,,,,
row,V13-09,V13-09b-R007,,,38.95,,,,
row,V13-09,V13-09b-R008,,,40.431,,,,
row,V13-09,V13-09b-R009,,,41.471,,,,
block,V14-04,,,22,1213.041,223.161,0.022,1897.496,0.19
row,V14-04,V14-04-R001,,,86.544,,,,
row,V14-04,V14-04-R002,,,88.255,,,,
row,V14-04,V14-04-R003,,,91.615,,,,
row,V14-04,V14-04-R004,,,87.774,,,,
row,V14-04,V14-04-R005,,,89.131,,,,
row,V14-04,V14-04-R006,,,85.172,,,,
row,V14-04,V14-04-R007,,,76.701,,,,
row,V14-04,V14-04-R008,,,77.98,,,,
row,V14-04,V14-04-R009,,,70.305,,,,
row,V14-04,V14-04-R010,,,57.203,,,,
row,V14-04,V14-04-R011,,,43.68,,,,
row,V14-04,V14-04-R012,,,41.594,,,,
row,V14-04,V14-04-R013,,,40.22,,,,
row,V14-04,V14-04-R014,,,38.965,,,,
row,V14-04,V14-04-R015,,,37.699,,,,
row,V14-04,V14-04-R016,,,33.48,,,,
row,V14-04,V14-04-R017,,,27.572,,,,
row,V14-04,V14-04-R018,,,6.266,,,,
row,V14-04,V14-04-R019,,,13.721,,,,
row,V14-04,V14-04-R020,,,18.954,,,,
row,V14-04,V14-04-R021,,,22.404,,,,
row,V14-04,V14-04-R022,,,77.807,,,,
block,V14-09,,,4,118.833,18.424,0.002,133.348,0.013
row,V14-09,V14-09-R001,,,30.466,,,,
row,V14-09,V14-09-R002,,,29.944,,,,
row,V14-09,V14-09-R003,,,29.498,,,,
row,V14-09,V14-09-R004,,,28.925,,,,
block,V15-11,,,2,19.203,8.786,0.001,15.029,0.002
row,V15-11,V15-11-R001,,,9.661,,,,
row,V15-11,V15-11-R002,,,9.543,,,,
block,V19-11,,,51,4921.266,1324.546,0.132,10676.432,1.068
row,V19-11,V19-11-R002,,,98.765,,,,
row,V19-11,V19-11-R003,,,99.002,,,,
row,V19-11,V19-11-R004,,,98.844,,,,
row,V19-11,V19-11-R005,,,98.602,,,,
row,V19-11,V19-11-R006,,,98.823,,,,
row,V19-11,V19-11-R007,,,99.064,,,,
row,V19-11,V19-11-R008,,,99.537,,,,
row,V19-11,V19-11-R009,,,99.628,,,,
row,V19-11,V19-11-R010,,,99.673,,,,
row,V19-11,V19-11-R011,,,99.892,,,,
row,V19-11,V19-11-R012,,,100.099,,,,
row,V19-11,V19-11-R013,,,100.211,,,,
row,V19-11,V19-11-R014,,,100.144,,,,
row,V19-11,V19-11-R015,,,100.608,,,,
row,V19-11,V19-11-R016,,,101.051,,,,
row,V19-11,V19-11-R017,,,101.014,,,,
row,V19-11,V19-11-R018,,,101.158,,,,
row,V19-11,V19-11-R019,,,100.928,,,,
row,V19-11,V19-11-R020,,,100.887,,,,
row,V19-11,V19-11-R021,,,100.846,,,,
row,V19-11,V19-11-R022,,,100.805,,,,
row,V19-11,V19-11-R023,,,100.755,,,,
row,V19-11,V19-11-R024,,,100.456,,,,
row,V19-11,V19-11-R025,,,100.581,,,,
row,V19-11,V19-11-R026,,,100.563,,,,
row,V19-11,V19-11-R027,,,100.535,,,,
row,V19-11,V19-11-R028,,,100.471,,,,
row,V19-11,V19-11-R029,,,100.492,,,,
row,V19-11,V19-11-R030,,,100.519,,,,
row,V19-11,V19-11-R031,,,100.599,,,,
row,V19-11,V19-11-R032,,,100.565,,,,
row,V19-11,V19-11-R033,,,100.58,,,,
row,V19-11,V19-11-R034,,,100.625,,,,
row,V19-11,V19-11-R035,,,99.057,,,,
row,V19-11,V19-11-R036,,,99.576,,,,
row,V19-11,V19-11-R037,,,99.967,,,,
row,V19-11,V19-11-R038,,,99.456,,,,
row,V19-11,V19-11-R039,,,99.963,,,,
row,V19-11,V19-11-R040,,,100.132,,,,
row,V19-11,V19-11-R041,,,99.763,,,,
row,V19-11,V19-11-R042,,,99.499,,,,
row,V19-11,V19-11-R043,,,99.445,,,,
row,V19-11,V19-11-R044,,,99.35,,,,
row,V19-11,V19-11-R045,,,98.417,,,,
row,V19-11,V19-11-R046,,,97.877,,,,
row,V19-11,V19-11-R047,,,92.619,,,,
row,V19-11,V19-11-R048,,,88.164,,,,
row,V19-11,V19-11-R049,,,84.62,,,,
row,V19-11,V19-11-R050,,,38.458,,,,
row,V19-11,V19-11-R051,,,75.77,,,,
row,V19-11,V19-11-R052,,,42.81,,,,
block,V21-13,,,54,5504.123,1415.217,0.142,11741.874,1.174
row,V21-13,V21-13-R001,,,8.17,,,,
row,V21-13,V21-13-R002,,,104.22,,,,
row,V21-13,V21-13-R003,,,104.492,,,,
row,V21-13,V21-13-R004,,,103.908,,,,
row,V21-13,V21-13-R005,,,104.421,,,,
row,V21-13,V21-13-R006,,,108.127,,,,
row,V21-13,V21-13-R007,,,110.283,,,,
row,V21-13,V21-13-R008,,,110.108,,,,
row,V21-13,V21-13-R009,,,109.899,,,,
row,V21-13,V21-13-R010,,,109.703,,,,
row,V21-13,V21-13-R011,,,109.521,,,,
row,V21-13,V21-13-R012,,,109.311,,,,
row,V21-13,V21-13-R013,,,109.115,,,,
row,V21-13,V21-13-R014,,,108.933,,,,
row,V21-13,V21-13-R015,,,82.302,,,,
row,V21-13,V21-13-R016,,,82.544,,,,
row,V21-13,V21-13-R017,,,81.911,,,,
row,V21-13,V21-13-R018,,,81.362,,,,
row,V21-13,V21-13-R019,,,107.92,,,,
row,V21-13,V21-13-R020,,,107.541,,,,
row,V21-13,V21-13-R021,,,107.441,,,,
row,V21-13,V21-13-R022,,,107.438,,,,
row,V21-13,V21-13-R023,,,107.171,,,,
row,V21-13,V21-13-R024,,,107.133,,,,
row,V21-13,V21-13-R025,,,106.779,,,,
row,V21-13,V21-13-R026,,,106.61,,,,
row,V21-13,V21-13-R027,,,106.388,,,,
row,V21-13,V21-13-R028,,,106.514,,,,
row,V21-13,V21-13-R029,,,106.08,,,,
row,V21-13,V21-13-R030,,,105.845,,,,
row,V21-13,V21-13-R031,,,105.604,,,,
row,V21-13,V21-13-R032,,,105.498,,,,
row,V21-13,V21-13-R033,,,105.403,,,,
row,V21-13,V21-13-R034,,,105.017,,,,
row,V21-13,V21-13-R035,,,104.865,,,,
row,V21-13,V21-13-R036,,,104.516,,,,
row,V21-13,V21-13-R037,,,104.617,,,,
row,V21-13,V21-13-R038,,,104.322,,,,
row,V21-13,V21-13-R039,,,104.226,,,,
row,V21-13,V21-13-R040,,,104.682,,,,
row,V21-13,V21-13-R041,,,104.716,,,,
row,V21-13,V21-13-R042,,,104.384,,,,
row,V21-13,V21-13-R043,,,104.623,,,,
row,V21-13,V21-13-R044,,,104.204,,,,
row,V21-13,V21-13-R045,,,104.51,,,,
row,V21-13,V21-13-R046,,,104.772,,,,
row,V21-13,V21-13-R047,,,104.945,,,,
row,V21-13,V21-13-R048,,,104.777,,,,
row,V21-13,V21-13-R049,,,105.082,,,,
row,V21-13,V21-13-R050,,,104.566,,,,
row,V21-13,V21-13-R051,,,105.109,,,,
row,V21-13,V21-13-R052,,,105.254,,,,
row,V21-13,V21-13-R053,,,91.608,,,,
row,V21-13,V21-13-R054,,,85.632,,,,
block,V21-13-2,,,1,0.053,0.0,0.0,0.0,0.0
row,V21-13-2,V21-13-2-R001,,,0.053,,,,
block,V21-13-3,,,1,0.051,0.0,0.0,0.0,0.0
row,V21-13-3,V21-13-3-R001,,,0.051,,,,
block,V22-13,,,34,2470.521,753.039,0.075,5004.935,0.5
row,V22-13,V22-13-R019,,,39.219,,,,
row,V22-13,V22-13a-R001,,,45.531,,,,
row,V22-13,V22-13a-R002,,,45.619,,,,
row,V22-13,V22-13a-R003,,,45.933,,,,
row,V22-13,V22-13a-R004,,,45.197,,,,
row,V22-13,V22-13a-R005,,,44.945,,,,
row,V22-13,V22-13a-R006,,,45.73,,,,
row,V22-13,V22-13a-R007,,,45.502,,,,
row,V22-13,V22-13a-R008,,,46.061,,,,
row,V22-13,V22-13a-R009,,,45.809,,,,
row,V22-13,V22-13a-R010,,,45.354,,,,
row,V22-13,V22-13a-R011,,,46.077,,,,
row,V22-13,V22-13a-R012,,,45.245,,,,
row,V22-13,V22-13a-R013,,,45.285,,,,
row,V22-13,V22-13a-R014,,,45.595,,,,
row,V22-13,V22-13a-R015,,,45.574,,,,
row,V22-13,V22-13b-R001,,,101.978,,,,
row,V22-13,V22-13b-R002,,,100.848,,,,
row,V22-13,V22-13b-R003,,,99.843,,,,
row,V22-13,V22-13b-R004,,,100.092,,,,
row,V22-13,V22-13b-R005,,,97.562,,,,
row,V22-13,V22-13b-R006,,,98.531,,,,
row,V22-13,V22-13b-R007,,,98.185,,,,
row,V22-13,V22-13b-R008,,,99.471,,,,
row,V22-13,V22-13b-R009,,,99.554,,,,
row,V22-13,V22-13b-R010,,,101.132,,,,
row,V22-13,V22-13b-R011,,,101.326,,,,
row,V22-13,V22-13b-R012,,,101.756,,,,
row,V22-13,V22-13b-R013,,,101.548,,,,
row,V22-13,V22-13b-R014,,,101.044,,,,
row,V22-13,V22-13b-R015,,,100.1,,,,
row,V22-13,V22-13b-R016,,,100.073,,,,
row,V22-13,V22-13b-R017,,,99.545,,,,
row,V22-13,V22-13b-R018,,,45.258,,,,
block,V22-15,,,3,154.49,33.212,0.003,123.832,0.012
row,V22-15,V22-15-R001,,,8.235,,,,
row,V22-15,V22-15-R002,,,77.379,,,,
row,V22-15,V22-15-R003,,,68.876,,,,
block,V23-15,,,3,29.775,6.383,0.001,11.327,0.001
row,V23-15,V23-15-R001,,,11.943,,,,
row,V23-15,V23-15-R002,,,7.782,,,,
row,V23-15,V23-15-R003,,,10.051,,,,
block,V24-16,,,14,1263.072,562.553,0.056,2701.88,0.27
row,V24-16,V24-16-R001,,,16.453,,,,
row,V24-16,V24-16-R002,,,97.238,,,,
row,V24-16,V24-16-R003,,,97.272,,,,
row,V24-16,V24-16-R004,,,97.3,,,,
row,V24-16,V24-16-R005,,,97.33,,,,
row,V24-16,V24-16-R006,,,97.36,,,,
row,V24-16,V24-16-R007,,,97.902,,,,
row,V24-16,V24-16-R008,,,98.252,,,,
row,V24-16,V24-16-R009,,,97.952,,,,
row,V24-16,V24-16-R010,,,98.343,,,,
row,V24-16,V24-16-R011,,,98.626,,,,
row,V24-16,V24-16-R012,,,98.751,,,,
row,V24-16,V24-16-R013,,,99.486,,,,
row,V24-16,V24-16-R014,,,70.808,,,,
block,V26-18,,,10,1374.119,426.332,0.043,2317.576,0.232
row,V26-18,V26-18-R001,,,32.984,,,,
row,V26-18,V26-18-R002,,,191.964,,,,
row,V26-18,V26-18-R003,,,223.739,,,,
row,V26-18,V26-18-R004,,,223.352,,,,
row,V26-18,V26-18-R005,,,222.733,,,,
row,V26-18,V26-18-R006,,,215.217,,,,
row,V26-18,V26-18-R007,,,56.941,,,,
row,V26-18,V26-18-R008,,,40.824,,,,
row,V26-18,V26-18-R009,,,61.586,,,,
row,V26-18,V26-18-R010,,,104.778,,,,
block,V29-23,,,6,595.104,182.136,0.018,1047.268,0.105
row,V29-23,V29-23-R001,,,25.276,,,,
row,V29-23,V29-23-R002,,,113.846,,,,
row,V29-23,V29-23-R003,,,114.116,,,,
row,V29-23,V29-23-R004,,,114.912,,,,
row,V29-23,V29-23-R005,,,115.142,,,,
row,V29-23,V29-23-R006,,,111.813,,,,
block,V30-16,,,9,300.34,122.269,0.012,506.314,0.051
row,V30-16,V30-16-R002,,,36.576,,,,
row,V30-16,V30-16-R003,,,35.68,,,,
row,V30-16,V30-16-R004,,,36.66,,,,
row,V30-16,V30-16-R005,,,35.605,,,,
row,V30-16,V30-16-R006,,,31.805,,,,
row,V30-16,V30-16-R007,,,32.418,,,,
row,V30-16,V30-16-R008,,,31.212,,,,
row,V30-16,V30-16-R009,,,30.766,,,,
row,V30-16,V30-16-R010,,,29.616,,,,
block,V30-17,,,13,396.261,55.245,0.006,599.713,0.06
row,V30-17,V30-17-R001,,,41.028,,,,
row,V30-17,V30-17-R002,,,39.691,,,,
row,V30-17,V30-17-R003,,,41.109,,,,
row,V30-17,V30-17-R004,,,38.438,,,,
row,V30-17,V30-17-R005,,,35.918,,,,
row,V30-17,V30-17-R006,,,34.243,,,,
row,V30-17,V30-17-R007,,,35.048,,,,
row,V30-17,V30-17-R008,,,24.83,,,,
row,V30-17,V30-17-R009,,,18.115,,,,
row,V30-17,V30-17-R010,,,24.21,,,,
row,V30-17,V30-17-R011,,,19.963,,,,
row,V30-17,V30-17-R012,,,21.657,,,,
row,V30-17,V30-17-R013,,,22.011,,,,
block,V30-18,,,5,301.776,77.943,0.008,500.729,0.05
row,V30-18,V30-18-R002,,,60.456,,,,
row,V30-18,V30-18-R003,,,75.476,,,,
row,V30-18,V30-18-R004,,,75.431,,,,
row,V30-18,V30-18-R005,,,75.444,,,,
row,V30-18,V30-18-R006,,,14.969,,,,
block,V30-21,,,5,390.382,103.482,0.01,612.358,0.061
row,V30-21,V30-21-R001,,,104.038,,,,
row,V30-21,V30-21-R002,,,104.523,,,,
row,V30-21,V30-21-R003,,,102.264,,,,
row,V30-21,V30-21-R004,,,73.696,,,,
row,V30-21,V30-21-R005,,,5.861,,,,
block,V31-17,,,6,220.552,35.353,0.004,315.375,0.032
row,V31-17,V31-17-R001,,,10.331,,,,
row,V31-17,V31-17-R002,,,48.812,,,,
row,V31-17,V31-17-R003,,,49.097,,,,
row,V31-17,V31-17-R004,,,51.703,,,,
row,V31-17,V31-17-R005,,,52.596,,,,
row,V31-17,V31-17-R006,,,8.013,,,,
block,V31-19,,,23,934.854,237.771,0.024,1526.121,0.153
row,V31-19,V31-19-R001,,,63.111,,,,
row,V31-19,V31-19-R002,,,63.071,,,,
row,V31-19,V31-19-R003,,,63.477,,,,
row,V31-19,V31-19-R004,,,63.701,,,,
row,V31-19,V31-19-R005,,,64.101,,,,
row,V31-19,V31-19-R006,,,64.345,,,,
row,V31-19,V31-19-R007,,,64.434,,,,
row,V31-19,V31-19-R008,,,64.601,,,,
row,V31-19,V31-19-R009,,,64.776,,,,
row,V31-19,V31-19-R010,,,65.369,,,,
row,V31-19,V31-19-R011,,,1.69,,,,
row,V31-19,V31-19-R012,,,32.571,,,,
row,V31-19,V31-19-R013,,,23.605,,,,
row,V31-19,V31-19-R014,,,29.631,,,,
row,V31-19,V31-19-R015,,,25.989,,,,
row,V31-19,V31-19-R016,,,27.448,,,,
row,V31-19,V31-19-R017,,,28.473,,,,
row,V31-19,V31-19-R018,,,6.211,,,,
row,V31-19,V31-19-R019,,,24.614,,,,
row,V31-19,V31-19-R020,,,30.971,,,,
row,V31-19,V31-19-R021,,,8.112,,,,
row,V31-19,V31-19-R022,,,21.889,,,,
row,V31-19,V31-19-R023,,,32.663,,,,
block,V31-20,,,10,382.128,54.052,0.005,508.685,0.051
row,V31-20,V31-20-R001,,,12.269,,,,
row,V31-20,V31-20-R002,,,64.369,,,,
row,V31-20,V31-20-R003,,,64.488,,,,
row,V31-20,V31-20-R004,,,64.604,,,,
row,V31-20,V31-20-R005,,,64.719,,,,
row,V31-20,V31-20-R006,,,15.097,,,,
row,V31-20,V31-20-R007,,,26.391,,,,
row,V31-20,V31-20-R008,,,25.043,,,,
row,V31-20,V31-20-R009,,,23.702,,,,
row,V31-20,V31-20-R010,,,21.447,,,,
block,V32-18,,,26,1093.15,150.251,0.015,1636.483,0.164
row,V32-18,V32-18-R012,,,9.008,,,,
row,V32-18,V32-18-R013,,,43.368,,,,
row,V32-18,V32-18-R014,,,3.279,,,,
row,V32-18,V32-18-R015,,,12.853,,,,
row,V32-18,V32-18-R016,,,28.504,,,,
row,V32-18,V32-18-R017,,,31.359,,,,
row,V32-18,V32-18a-R001,,,38.066,,,,
row,V32-18,V32-18a-R002,,,37.754,,,,
row,V32-18,V32-18a-R003,,,34.929,,,,
row,V32-18,V32-18a-R004,,,32.182,,,,
row,V32-18,V32-18a-R005,,,45.944,,,,
row,V32-18,V32-18a-R006,,,48.268,,,,
row,V32-18,V32-18a-R007,,,22.581,,,,
row,V32-18,V32-18a-R008,,,18.782,,,,
row,V32-18,V32-18a-R009,,,16.308,,,,
row,V32-18,V32-18b-R001,,,62.613,,,,
row,V32-18,V32-18b-R002,,,63.034,,,,
row,V32-18,V32-18b-R003,,,62.754,,,,
row,V32-18,V32-18b-R004,,,61.85,,,,
row,V32-18,V32-18b-R005,,,64.428,,,,
row,V32-18,V32-18b-R006,,,63.304,,,,
row,V32-18,V32-18b-R007,,,63.037,,,,
row,V32-18,V32-18b-R008,,,60.157,,,,
row,V32-18,V32-18b-R009,,,57.276,,,,
row,V32-18,V32-18b-R010,,,57.078,,,,
row,V32-18,V32-18b-R011,,,54.433,,,,
block,V32-21,,,9,401.214,127.376,0.013,664.459,0.066
row,V32-21,V32-21-R001,,,50.346,,,,
row,V32-21,V32-21-R002,,,51.27,,,,
row,V32-21,V32-21-R003,,,51.427,,,,
row,V32-21,V32-21-R004,,,51.408,,,,
row,V32-21,V32-21-R005,,,51.653,,,,
row,V32-21,V32-21-R006,,,50.271,,,,
row,V32-21,V32-21-R007,,,49.127,,,,
row,V32-21,V32-21-R008,,,3.266,,,,
row,V32-21,V32-21-R009,,,42.446,,,,
block,V33-19,,,13,833.095,306.661,0.031,1652.667,0.165
row,V33-19,V33-19-R002,,,70.849,,,,
row,V33-19,V33-19-R003,,,67.98,,,,
row,V33-19,V33-19-R004,,,70.215,,,,
row,V33-19,V33-19-R005,,,73.029,,,,
row,V33-19,V33-19-R006,,,77.71,,,,
row,V33-19,V33-19-R007,,,77.638,,,,
row,V33-19,V33-19-R008,,,77.984,,,,
row,V33-19,V33-19-R009,,,78.62,,,,
row,V33-19,V33-19-R010,,,78.123,,,,
row,V33-19,V33-19-R011,,,77.703,,,,
row,V33-19,V33-19-R012,,,77.956,,,,
row,V33-19,V33-19-R013,,,3.802,,,,
row,V33-19,V33-19-R014,,,1.486,,,,
block,V33-22,,,17,959.723,286.971,0.029,2069.422,0.207
row,V33-22,V33-22-R002,,,57.885,,,,
row,V33-22,V33-22-R003,,,58.691,,,,
row,V33-22,V33-22-R004,,,58.335,,,,
row,V33-22,V33-22-R005,,,58.604,,,,
row,V33-22,V33-22-R006,,,58.727,,,,
row,V33-22,V33-22-R007,,,59.162,,,,
row,V33-22,V33-22-R008,,,58.601,,,,
row,V33-22,V33-22-R009,,,57.588,,,,
row,V33-22,V33-22-R010,,,58.139,,,,
row,V33-22,V33-22-R011,,,57.008,,,,
row,V33-22,V33-22-R012,,,58.193,,,,
row,V33-22,V33-22-R013,,,57.365,,,,
row,V33-22,V33-22-R014,,,59.174,,,,
row,V33-22,V33-22-R015,,,58.758,,,,
row,V33-22,V33-22-R016,,,58.204,,,,
row,V33-22,V33-22-R017,,,57.917,,,,
row,V33-22,V33-22-R018,,,27.373,,,,
block,V33-22-2,,,9,204.424,64.058,0.006,258.85,0.026
row,V33-22-2,V33-22-2-R001,,,28.411,,,,
row,V33-22-2,V33-22-2-R002,,,27.122,,,,
row,V33-22-2,V33-22-2-R003,,,25.833,,,,
row,V33-22-2,V33-22-2-R004,,,24.544,,,,
row,V33-22-2,V33-22-2-R005,,,23.112,,,,
row,V33-22-2,V33-22-2-R006,,,21.536,,,,
row,V33-22-2,V33-22-2-R007,,,19.961,,,,
row,V33-22-2,V33-22-2-R008,,,17.956,,,,
row,V33-22-2,V33-22-2-R009,,,15.95,,,,
block,V33-23,,,5,49.752,16.33,0.002,49.297,0.005
row,V33-23,V33-23-R001,,,14.701,,,,
row,V33-23,V33-23-R002,,,12.469,,,,
row,V33-23,V33-23-R003,,,10.001,,,,
row,V33-23,V33-23-R004,,,7.25,,,,
row,V33-23,V33-23-R005,,,5.33,,,,
block,V34-23,,,7,110.048,5.032,0.001,192.612,0.019
row,V34-23,V34-23-R001,,,10.459,,,,
row,V34-23,V34-23-R002,,,12.64,,,,
row,V34-23,V34-23-R003,,,14.315,,,,
row,V34-23,V34-23-R004,,,16.721,,,,
row,V34-23,V34-23-R005,,,18.075,,,,
row,V34-23,V34-23-R006,,,20.95,,,,
row,V34-23,V34-23-R007,,,16.887,,,,
block,V34-24,,,7,302.423,66.335,0.007,293.371,0.029
row,V34-24,V34-24-R001,,,44.141,,,,
row,V34-24,V34-24-R002,,,45.562,,,,
row,V34-24,V34-24-R003,,,47.063,,,,
row,V34-24,V34-24-R004,,,45.219,,,,
row,V34-24,V34-24-R005,,,43.129,,,,
row,V34-24,V34-24-R006,,,39.654,,,,
row,V34-24,V34-24-R007,,,37.655,,,,
block,V35-20,,,3,23.831,7.679,0.001,20.205,0.002
row,V35-20,V35-20-R001,,,4.214,,,,
row,V35-20,V35-20-R002,,,11.004,,,,
row,V35-20,V35-20-R003,,,8.613,,,,
block,V35-21,,,6,311.14,130.78,0.013,578.523,0.058
row,V35-21,V35-21-R001,,,11.045,,,,
row,V35-21,V35-21-R002,,,4.046,,,,
row,V35-21,V35-21-R003,,,73.31,,,,
row,V35-21,V35-21-R004,,,74.931,,,,
row,V35-21,V35-21-R005,,,74.1,,,,
row,V35-21,V35-21-R006,,,73.708,,,,
block,V35-22,,,5,276.896,44.322,0.004,169.044,0.017
row,V35-22,V35-22-R002,,,74.77,,,,
row,V35-22,V35-22-R003,,,76.357,,,,
row,V35-22,V35-22-R004,,,73.13,,,,
row,V35-22,V35-22-R005,,,18.101,,,,
row,V35-22,V35-22-R006,,,34.538,,,,
block,V35-22-2,,,10,335.97,49.234,0.005,534.797,0.053
row,V35-22-2,V35-22-2a-R001,,,33.377,,,,
row,V35-22-2,V35-22-2a-R002,,,24.919,,,,
row,V35-22-2,V35-22-2a-R003,,,20.268,,,,
row,V35-22-2,V35-22-2a-R004,,,14.801,,,,
row,V35-22-2,V35-22-2a-R005,,,7.99,,,,
row,V35-22-2,V35-22-2b-R001,,,32.728,,,,
row,V35-22-2,V35-22-2b-R002,,,40.242,,,,
row,V35-22-2,V35-22-2b-R003,,,47.697,,,,
row,V35-22-2,V35-22-2b-R004,,,53.08,,,,
row,V35-22-2,V35-22-2b-R005,,,60.868,,,,
block,V35-24,,,10,179.711,15.411,0.002,159.911,0.016
row,V35-24,V35-24-R002,,,9.37,,,,
row,V35-24,V35-24-R003,,,25.29,,,,
row,V35-24,V35-24-R004,,,22.915,,,,
row,V35-24,V35-24-R005,,,26.112,,,,
row,V35-24,V35-24-R006,,,20.165,,,,
row,V35-24,V35-24-R007,,,25.927,,,,
row,V35-24,V35-24-R008,,,28.87,,,,
row,V35-24,V35-24-R009,,,11.501,,,,
row,V35-24,V35-24-R010,,,6.354,,,,
row,V35-24,V35-24-R011,,,3.207,,,,
block,V35-25,,,40,2072.776,669.191,0.067,2721.776,0.272
row,V35-25,V35-25-R001,,,70.703,,,,
row,V35-25,V35-25-R002,,,64.619,,,,
row,V35-25,V35-25-R003,,,67.145,,,,
row,V35-25,V35-25-R004,,,66.328,,,,
row,V35-25,V35-25-R005,,,67.425,,,,
row,V35-25,V35-25-R006,,,28.135,,,,
row,V35-25,V35-25-R007,,,63.987,,,,
row,V35-25,V35-25-R008,,,64.732,,,,
row,V35-25,V35-25-R009,,,57.799,,,,
row,V35-25,V35-25-R010,,,58.999,,,,
row,V35-25,V35-25-R011,,,56.781,,,,
row,V35-25,V35-25-R012,,,57.107,,,,
row,V35-25,V35-25-R013,,,65.94,,,,
row,V35-25,V35-25-R014,,,62.966,,,,
row,V35-25,V35-25-R015,,,66.456,,,,
row,V35-25,V35-25-R016,,,66.632,,,,
row,V35-25,V35-25-R017,,,45.137,,,,
row,V35-25,V35-25-R018,,,69.401,,,,
row,V35-25,V35-25-R019,,,70.133,,,,
row,V35-25,V35-25-R020,,,70.409,,,,
row,V35-25,V35-25-R021,,,70.298,,,,
row,V35-25,V35-25-R022,,,71.778,,,,
row,V35-25,V35-25-R023,,,72.12,,,,
row,V35-25,V35-25-R024,,,71.929,,,,
row,V35-25,V35-25-R025,,,71.367,,,,
row,V35-25,V35-25-R026,,,71.559,,,,
row,V35-25,V35-25-R027,,,73.679,,,,
row,V35-25,V35-25-R028,,,54.548,,,,
row,V35-25,V35-25-R029,,,1.272,,,,
row,V35-25,V35-25-R030,,,59.746,,,,
row,V35-25,V35-25-R031,,,3.277,,,,
row,V35-25,V35-25-R032,,,59.317,,,,
row,V35-25,V35-25-R033,,,5.774,,,,
row,V35-25,V35-25-R034,,,20.873,,,,
row,V35-25,V35-25-R035,,,3.647,,,,
row,V35-25,V35-25-R036,,,38.707,,,,
row,V35-25,V35-25-R037,,,17.104,,,,
row,V35-25,V35-25-R038,,,21.403,,,,
row,V35-25,V35-25-R039,,,21.59,,,,
row,V35-25,V35-25-R040,,,21.953,,,,
block,V35-26,,,20,827.555,175.127,0.018,1425.322,0.143
row,V35-26,V35-26-R011,,,2.971,,,,
row,V35-26,V35-26-R012,,,3.297,,,,
row,V35-26,V35-26-R013,,,18.837,,,,
row,V35-26,V35-26a-R001,,,37.015,,,,
row,V35-26,V35-26a-R002,,,39.288,,,,
row,V35-26,V35-26a-R003,,,42.597,,,,
row,V35-26,V35-26a-R004,,,45.168,,,,
row,V35-26,V35-26a-R005,,,47.209,,,,
row,V35-26,V35-26a-R006,,,49.286,,,,
row,V35-26,V35-26a-R007,,,51.424,,,,
row,V35-26,V35-26b-R001,,,28.879,,,,
row,V35-26,V35-26b-R002,,,34.642,,,,
row,V35-26,V35-26b-R003,,,40.001,,,,
row,V35-26,V35-26b-R004,,,45.979,,,,
row,V35-26,V35-26b-R005,,,54.42,,,,
row,V35-26,V35-26b-R006,,,63.51,,,,
row,V35-26,V35-26b-R007,,,70.799,,,,
row,V35-26,V35-26b-R008,,,73.819,,,,
row,V35-26,V35-26b-R009,,,76.841,,,,
row,V35-26,V35-26b-R010,,,1.574,,,,
block,V36-22,,,9,61.268,21.992,0.002,79.449,0.008
row,V36-22,V36-22-R001,,,0.639,,,,
row,V36-22,V36-22-R002,,,2.086,,,,
row,V36-22,V36-22-R003,,,3.291,,,,
row,V36-22,V36-22-R004,,,5.45,,,,
row,V36-22,V36-22-R005,,,6.853,,,,
row,V36-22,V36-22-R006,,,8.529,,,,
row,V36-22,V36-22-R007,,,10.066,,,,
row,V36-22,V36-22-R008,,,11.54,,,,
row,V36-22,V36-22-R009,,,12.814,,,,
block,V36-24,,,21,1606.658,273.54,0.027,3246.29,0.325
row,V36-24,V36-24-R001,,,23.841,,,,
row,V36-24,V36-24-R002,,,78.897,,,,
row,V36-24,V36-24-R003,,,78.846,,,,
row,V36-24,V36-24-R004,,,78.561,,,,
row,V36-24,V36-24-R005,,,79.909,,,,
row,V36-24,V36-24-R006,,,80.378,,,,
row,V36-24,V36-24-R007,,,80.184,,,,
row,V36-24,V36-24-R008,,,80.052,,,,
row,V36-24,V36-24-R009,,,80.205,,,,
row,V36-24,V36-24-R010,,,80.016,,,,
row,V36-24,V36-24-R011,,,80.088,,,,
row,V36-24,V36-24-R012,,,80.216,,,,
row,V36-24,V36-24-R013,,,80.196,,,,
row,V36-24,V36-24-R014,,,79.855,,,,
row,V36-24,V36-24-R015,,,78.856,,,,
row,V36-24,V36-24-R016,,,78.512,,,,
row,V36-24,V36-24-R017,,,78.712,,,,
row,V36-24,V36-24-R018,,,78.679,,,,
row,V36-24,V36-24-R019,,,78.691,,,,
row,V36-24,V36-24-R020,,,76.852,,,,
row,V36-24,V36-24-R021,,,75.112,,,,
block,V36-26,,,7,342.537,145.836,0.015,482.336,0.048
row,V36-26,V36-26-R001,,,39.198,,,,
row,V36-26,V36-26-R002,,,49.693,,,,
row,V36-26,V36-26-R003,,,58.761,,,,
row,V36-26,V36-26-R004,,,60.857,,,,
row,V36-26,V36-26-R005,,,61.107,,,,
row,V36-26,V36-26-R006,,,61.75,,,,
row,V36-26,V36-26-R007,,,11.171,,,,
block,V36-27,,,3,18.763,4.846,0.0,28.022,0.003
row,V36-27,V36-27-R001,,,4.064,,,,
row,V36-27,V36-27-R002,,,6.544,,,,
row,V36-27,V36-27-R003,,,8.155,,,,
block,V36-27-2,,,1,0.975,0.519,0.0,0.0,0.0
row,V36-27-2,V36-27-2-R001,,,0.975,,,,
block,V37-22,,,3,93.138,16.381,0.002,75.401,0.008
row,V37-22,V37-22-R002,,,43.798,,,,
row,V37-22,V37-22-R003,,,27.725,,,,
row,V37-22,V37-22-R004,,,21.614,,,,
block,V37-24,,,6,349.317,104.51,0.01,534.691,0.053
row,V37-24,V37-24-R001,,,23.831,,,,
row,V37-24,V37-24-R002,,,79.482,,,,
row,V37-24,V37-24-R003,,,79.661,,,,
row,V37-24,V37-24-R004,,,78.903,,,,
row,V37-24,V37-24-R005,,,79.018,,,,
row,V37-24,V37-24-R006,,,8.421,,,,
block,V37-25,,,13,784.066,210.688,0.021,1125.244,0.113
row,V37-25,V37-25-R008,,,46.414,,,,
row,V37-25,V37-25-R009,,,51.864,,,,
row,V37-25,V37-25-R010,,,51.837,,,,
row,V37-25,V37-25a-R001,,,71.173,,,,
row,V37-25,V37-25a-R002,,,74.517,,,,
row,V37-25,V37-25a-R003,,,74.279,,,,
row,V37-25,V37-25a-R004,,,80.432,,,,
row,V37-25,V37-25a-R005,,,73.99,,,,
row,V37-25,V37-25a-R006,,,71.426,,,,
row,V37-25,V37-25a-R007,,,66.464,,,,
row,V37-25,V37-25b-R001,,,74.661,,,,
row,V37-25,V37-25b-R002,,,25.518,,,,
row,V37-25,V37-25b-R003,,,21.492,,,,
block,V38-23,,,24,1863.243,555.381,0.056,3667.787,0.367
row,V38-23,V38-23-R001,,,94.477,,,,
row,V38-23,V38-23-R002,,,94.738,,,,
row,V38-23,V38-23-R003,,,94.732,,,,
row,V38-23,V38-23-R004,,,94.727,,,,
row,V38-23,V38-23-R005,,,94.721,,,,
row,V38-23,V38-23-R006,,,94.715,,,,
row,V38-23,V38-23-R007,,,94.71,,,,
row,V38-23,V38-23-R008,,,91.965,,,,
row,V38-23,V38-23-R009,,,89.654,,,,
row,V38-23,V38-23-R010,,,88.522,,,,
row,V38-23,V38-23-R011,,,83.885,,,,
row,V38-23,V38-23-R012,,,86.82,,,,
row,V38-23,V38-23-R013,,,85.228,,,,
row,V38-23,V38-23-R014,,,81.976,,,,
row,V38-23,V38-23-R015,,,79.201,,,,
row,V38-23,V38-23-R016,,,81.048,,,,
row,V38-23,V38-23-R017,,,82.482,,,,
row,V38-23,V38-23-R018,,,83.758,,,,
row,V38-23,V38-23-R019,,,79.623,,,,
row,V38-23,V38-23-R020,,,62.323,,,,
row,V38-23,V38-23-R021,,,52.29,,,,
row,V38-23,V38-23-R022,,,34.697,,,,
row,V38-23,V38-23-R023,,,12.999,,,,
row,V38-23,V38-23-R024,,,23.952,,,,
