id,label,x,y,status,distance_m,needs_outside_m,gap_ends_m,reason
WASTE-V21-13-96753-01989,waste,629675.3,5220198.875,visited,1.2,,,
WASTE-V21-13-95867-01607,waste,629586.688,5220160.7,visited,0.02,,,
WASTE-NA-96507-01970,waste,629650.698,5220196.985,visited,1.64,,,
WASTE-NA-96995-01593,waste,629699.493,5220159.325,visited,1.5,,,
WASTE-V21-13-97076-01276,waste,629707.6,5220127.6,visited,0.96,,,
WASTE-NA-96785-00963,waste,629678.535,5220096.35,visited,1.21,,,
WASTE-NA-97390-01284,waste,629738.978,5220128.422,visited,1.45,,,
WASTE-NA-92113-09052,waste,629211.342,5220905.197,visited,1.16,,,
WASTE-NA-92473-08689,waste,629247.321,5220868.899,visited,0.22,,,
WASTE-V08-04-91249-08132,waste,629124.875,5220813.225,visited,0.15,,,
WASTE-V08-04-91866-08386,waste,629186.625,5220838.562,visited,1.3,,,
WASTE-NA-91917-08465,waste,629191.715,5220846.473,visited,0.68,,,
WASTE-NA-91604-08341,waste,629160.397,5220834.136,visited,0.13,,,
WASTE-NA-91840-08387,waste,629184.031,5220838.652,visited,0.16,,,
WASTE-NA-91919-08284,waste,629191.942,5220828.365,visited,0.63,,,
WASTE-V08-04-91988-08144,waste,629198.8,5220814.4,visited,0.38,,,
WASTE-V08-04-91975-08169,waste,629197.5,5220816.875,visited,0.25,,,
WASTE-NA-92136-08553,waste,629213.599,5220855.297,visited,0.15,,,
WASTE-NA-92262-08608,waste,629226.247,5220860.811,visited,1.66,,,
WASTE-NA-92287-08612,waste,629228.748,5220861.153,visited,0.35,,,
WASTE-NA-92402-08599,waste,629240.25,5220859.888,visited,1.68,,,
WASTE-NA-91333-07906,waste,629133.275,5220790.559,visited,0.48,,,
WASTE-V08-04-91612-07972,waste,629161.225,5220797.162,visited,0.49,,,
WASTE-V08-04-92224-07754,waste,629222.35,5220775.412,visited,0.48,,,
WASTE-V08-04-92109-07827,waste,629210.85,5220782.663,visited,0.27,,,
WASTE-V08-04-91997-08111,waste,629199.675,5220811.1,visited,0.07,,,
WASTE-NA-92553-07727,waste,629255.325,5220772.735,visited,1.22,,,
WASTE-NA-90140-07233,waste,629013.983,5220723.276,visited,0.27,,,
WASTE-NA-92819-07609,waste,629281.897,5220760.863,visited,1.48,,,
WASTE-V09-01-90763-06537,waste,629076.3,5220653.738,visited,1.66,,,
WASTE-NA-92171-05694,waste,629217.087,5220569.422,visited,1.66,,,
WASTE-NA-92123-05879,waste,629212.34,5220587.886,visited,1.59,,,
WASTE-V11-07-93565-05910,waste,629356.525,5220590.95,visited,0.11,,,
WASTE-V11-07-93608-06075,waste,629360.788,5220607.475,visited,0.95,,,
WASTE-NA-94903-04960,waste,629490.282,5220495.953,over_budget,39.97,84.1,,over the outside budget: not added
WASTE-NA-98586-96517,waste,629858.615,5219651.728,over_budget,71.64,76.5,,over the outside budget: not added
WASTE-V31-19-00088-95956,waste,630008.788,5219595.55,over_budget,28.77,45.5,,over the outside budget: not added
WASTE-V33-22-01020-95388,waste,630102.013,5219538.775,visited,0.27,,,
WASTE-NA-02883-94408,waste,630288.276,5219440.829,over_budget,6.32,15.2,,over the outside budget: not added
WASTE-NA-02891-94362,waste,630289.063,5219436.154,over_budget,9.72,22.6,,over the outside budget: not added
WASTE-NA-02853-94381,waste,630285.285,5219438.104,over_budget,10.26,25.3,,over the outside budget: not added
WASTE-NA-02654-93918,waste,630265.425,5219391.807,over_budget,4.58,31.7,,over the outside budget: not added
WASTE-NA-03634-94030,waste,630363.445,5219402.952,visited,0.98,,,
WASTE-NA-03651-93979,waste,630365.135,5219397.885,visited,0.46,,,
WASTE-NA-03693-93854,waste,630369.32,5219385.39,visited,1.62,,,
WASTE-NA-03450-93914,waste,630345.02,5219391.38,visited,1.41,,,
WASTE-NA-03476-93900,waste,630347.628,5219390.028,visited,0.39,,,
WASTE-NA-03335-94028,waste,630333.522,5219402.801,visited,1.47,,,
GAP-V19-11-R002-9668-0252,inspection,629667.844,5220251.708,visited,1.55,,1.62 1.48,
GAP-V19-11-R002-9663-0258,inspection,629663.416,5220257.51,visited,1.4,,1.45 1.35,
GAP-V19-11-R003-9687-0223,inspection,629686.632,5220222.537,visited,1.25,,0.98 1.19,
GAP-V19-11-R004-9640-0280,inspection,629639.715,5220279.736,visited,1.11,,1.06 1.04,
GAP-V19-11-R014-9611-0271,inspection,629611.343,5220271.078,visited,1.43,,1.47 1.43,
GAP-V19-11-R016-9622-0248,inspection,629621.959,5220248.19,visited,1.24,,0.93 1.30,
GAP-V19-11-R020-9614-0240,inspection,629614.441,5220239.716,visited,1.39,,1.45 1.32,
GAP-V19-11-R026-9617-0208,inspection,629617.385,5220208.396,visited,1.36,,1.43 1.35,
GAP-V19-11-R031-9595-0215,inspection,629594.994,5220214.646,visited,1.24,,1.27 1.23,
GAP-V19-11-R040-9560-0216,inspection,629560.488,5220215.71,visited,1.1,,1.48 1.00,
GAP-V19-11-R042-9555-0214,inspection,629555.144,5220213.868,visited,1.35,,1.42 1.28,
GAP-V19-11-R043-9538-0231,inspection,629538.44,5220231.006,visited,1.22,,1.36 1.23,
GAP-V19-11-R043-9531-0240,inspection,629531.296,5220240.366,visited,1.17,,1.19 1.31,
GAP-V19-11-R043-9526-0248,inspection,629525.88,5220247.958,visited,1.6,,1.38 1.74,
GAP-V19-11-R044-9534-0232,inspection,629534.254,5220231.892,visited,1.45,,1.34 1.33,
GAP-V19-11-R047-9519-0239,inspection,629518.854,5220238.64,visited,1.48,,1.20 1.47,
GAP-V19-11-R048-9530-0219,inspection,629530.211,5220219.133,visited,1.38,,1.32 1.34,
GAP-V19-11-R049-9554-0183,inspection,629553.977,5220182.968,visited,1.49,,1.45 1.53,
GAP-V19-11-R049-9524-0223,inspection,629523.805,5220222.758,visited,1.59,,1.56 1.30,
GAP-V19-11-R051-9541-0191,inspection,629540.558,5220191.239,visited,0.38,,1.35 1.30,
GAP-V19-11-R051-9517-0223,inspection,629517.136,5220222.538,visited,1.22,,1.60 1.54,
GAP-V21-13-R053-9518-0218,inspection,629517.611,5220217.55,over_budget,4.41,32.1,3.79 4.68,over the outside budget: not added
GAP-V21-13-R053-9523-0210,inspection,629523.299,5220210.003,over_budget,3.82,24.2,4.25 3.58,over the outside budget: not added
GAP-V21-13-R053-9533-0197,inspection,629533.339,5220196.637,visited,0.66,,2.72 3.05,
GAP-V21-13-R053-9539-0188,inspection,629539.45,5220188.448,visited,0.76,,3.80 3.73,
GAP-V21-13-R053-9557-0165,inspection,629557.264,5220164.588,visited,0.23,,1.61 1.68,
GAP-V21-13-R047-9609-0124,inspection,629609.136,5220124.158,visited,1.59,,1.56 1.61,
GAP-V21-13-R028-9655-0154,inspection,629655.187,5220154.166,visited,1.15,,1.25 1.40,
GAP-V21-13-R027-9683-0122,inspection,629683.255,5220121.982,visited,1.04,,1.38 1.29,
GAP-V21-13-R026-9648-0173,inspection,629647.822,5220173.116,visited,1.44,,1.46 1.44,
GAP-V21-13-R024-9680-0141,inspection,629679.521,5220140.855,visited,1.52,,1.44 1.44,
GAP-V21-13-R021-9683-0150,inspection,629683.284,5220150.073,visited,1.13,,1.19 1.39,
GAP-V21-13-R020-9698-0136,inspection,629697.646,5220135.967,visited,1.34,,1.32 1.37,
GAP-V21-13-R020-9658-0187,inspection,629658.345,5220186.987,visited,1.35,,1.35 1.28,
GAP-V21-13-R018-9695-0148,inspection,629695.448,5220148.465,visited,1.05,,1.10 1.17,
GAP-V21-13-R016-9722-0122,inspection,629721.825,5220122.025,visited,1.1,,1.16 1.03,
GAP-V21-13-R016-9717-0129,inspection,629716.568,5220128.957,visited,0.97,,1.21 1.10,
GAP-V21-13-R016-9708-0140,inspection,629708.357,5220139.648,visited,1.02,,0.93 1.12,
GAP-V21-13-R016-9704-0146,inspection,629703.736,5220145.526,visited,1.19,,1.16 1.16,
GAP-V21-13-R015-9725-0121,inspection,629725.408,5220121.366,visited,1.06,,1.08 1.32,
GAP-V21-13-R013-9714-0146,inspection,629714.131,5220146.122,visited,1.45,,1.30 1.33,
GAP-V21-13-R010-9708-0168,inspection,629707.781,5220168.214,visited,1.49,,1.41 1.33,
GAP-V21-13-R009-9721-0155,inspection,629721.08,5220155.336,visited,1.4,,1.47 1.36,
GAP-V21-13-R004-9719-0181,inspection,629718.992,5220181.053,visited,1.29,,1.45 1.38,
GAP-V22-13b-R018-9678-0077,inspection,629677.857,5220076.788,visited,1.39,,1.55 1.42,
GAP-V22-15-R001-9757-0110,inspection,629757.277,5220110.128,visited,1.52,,3.72 1.07,
GAP-V24-16-R001-9859-9985,inspection,629859.12,5219984.846,over_budget,28.43,155.1,28.28 28.79,over the outside budget: not added
GAP-V24-16-R013-9819-9979,inspection,629818.635,5219979.115,visited,1.29,,1.31 1.33,
GAP-V24-16-R014-9839-9948,inspection,629839.298,5219947.7,visited,0.78,,1.17 1.36,
GAP-V06-03-R002-9238-0940,inspection,629238.109,5220940.465,over_budget,16.79,17.7,16.47 17.83,over the outside budget: not added
GAP-V06-03-R008-9237-0904,inspection,629236.819,5220903.917,visited,1.15,,1.15 1.19,
GAP-V06-03-R008-9227-0928,inspection,629226.784,5220927.813,visited,1.19,,1.34 1.17,
GAP-V06-03-R009-9230-0914,inspection,629229.864,5220914.056,visited,1.19,,1.29 1.20,
GAP-V06-03-R009-9224-0928,inspection,629224.064,5220927.775,visited,1.4,,1.19 1.25,
GAP-V06-03-R010-9235-0895,inspection,629235.056,5220895.059,visited,1.21,,1.25 1.19,
GAP-V06-03-R010-9229-0909,inspection,629229.127,5220909.055,visited,1.27,,1.34 1.22,
GAP-V06-03-R010-9226-0917,inspection,629225.796,5220916.916,visited,1.08,,1.27 1.29,
GAP-V06-03-R010-9221-0928,inspection,629220.904,5220928.458,visited,1.27,,1.23 1.39,
GAP-V06-03-R011-9242-0872,inspection,629241.983,5220872.217,visited,1.14,,2.63 1.37,
GAP-V06-03-R011-9234-0892,inspection,629233.71,5220891.842,visited,1.08,,1.10 1.07,
GAP-V06-03-R011-9230-0901,inspection,629229.849,5220900.986,visited,1.23,,1.20 1.13,
GAP-V06-03-R011-9224-0916,inspection,629223.594,5220915.769,visited,1.22,,1.28 1.16,
GAP-V06-03-R013-9240-0863,inspection,629240.151,5220862.846,visited,0.21,,0.93 1.15,
GAP-V06-03-R014-9246-0843,inspection,629245.694,5220842.897,visited,1.18,,1.17 1.37,
GAP-V06-03-R014-9213-0921,inspection,629212.902,5220921.354,visited,1.11,,1.13 1.15,
GAP-V06-03-R015-9235-0862,inspection,629235.066,5220861.971,visited,0.08,,1.14 3.20,
GAP-V06-03-R016-9233-0862,inspection,629232.527,5220861.759,visited,0.87,,1.07 3.84,
GAP-V06-03-R016-9207-0922,inspection,629207.168,5220921.622,visited,1.23,,1.33 1.21,
GAP-V06-03-R017-9218-0889,inspection,629218.168,5220888.731,visited,1.2,,1.18 1.23,
GAP-V06-03-R024-9193-0904,inspection,629192.965,5220903.922,visited,1.32,,1.38 1.48,
GAP-V06-03-R025-9206-0867,inspection,629205.601,5220866.761,visited,1.45,,1.23 1.32,
GAP-V06-03-R041-9160-0863,inspection,629160.239,5220862.831,visited,1.17,,1.00 1.14,
GAP-V06-03-R041-9157-0871,inspection,629156.625,5220871.445,visited,1.11,,1.17 1.24,
PLANTING-V06-03-R041-9169-0842,inspection,629168.848,5220842.216,visited,1.23,,1.72 1.27,
GAP-V06-03-R043-9161-0848,inspection,629160.968,5220848.25,visited,1.36,,1.30 1.20,
GAP-V06-03-R044-9160-0843,inspection,629160.1,5220843.435,visited,1.35,,1.31 1.32,
GAP-V06-03-R044-9153-0861,inspection,629152.689,5220861.12,visited,1.19,,1.25 1.32,
GAP-V06-03-R044-9149-0869,inspection,629149.207,5220869.416,visited,1.22,,1.34 1.22,
GAP-V06-03-R044-9146-0877,inspection,629146.208,5220876.556,visited,1.2,,1.29 1.24,
GAP-V06-03-R045-9145-0873,inspection,629144.777,5220873.334,visited,1.24,,1.27 1.26,
GAP-V06-03-R049-9143-0852,inspection,629143.063,5220851.797,visited,1.24,,1.42 1.63,
GAP-V06-03-R050-9147-0835,inspection,629147.455,5220835.148,visited,1.18,,1.19 1.15,
GAP-V06-03-R052-9128-0866,inspection,629128.455,5220866.436,visited,1.28,,1.24 1.35,
GAP-V06-03-R056-9125-0848,inspection,629124.893,5220848.36,visited,1.34,,1.24 1.22,
GAP-V06-03-R056-9119-0862,inspection,629119.384,5220861.629,visited,1.23,,1.23 1.63,
GAP-V08-04-R012-9255-0768,inspection,629255.136,5220768.009,visited,0.79,,0.80 0.49,
GAP-V08-04-R016-9232-0796,inspection,629232.206,5220795.61,visited,1.26,,1.03 1.04,
GAP-V08-04-R017-9249-0746,inspection,629249.451,5220746.204,visited,1.24,,1.32 1.26,
GAP-V08-04-R020-9240-0750,inspection,629239.94,5220749.706,visited,1.15,,1.33 1.13,
GAP-V08-04-R023-9235-0741,inspection,629235.19,5220741.218,visited,1.15,,1.19 1.33,
GAP-V08-04-R024-9220-0772,inspection,629219.94,5220771.75,visited,1.19,,1.32 1.38,
GAP-V08-04-R025-9232-0736,inspection,629231.743,5220735.891,visited,1.29,,1.21 1.39,
GAP-V08-04-R025-9220-0764,inspection,629220.158,5220764.176,visited,1.19,,1.43 1.15,
GAP-V08-04-R025-9192-0832,inspection,629192.32,5220832.181,visited,1.19,,1.20 1.19,
GAP-V08-04-R027-9216-0760,inspection,629216.375,5220760.07,visited,1.21,,1.27 1.29,
GAP-V08-04-R029-9214-0752,inspection,629214.126,5220752.337,visited,1.35,,1.32 1.14,
GAP-V08-04-R029-9204-0777,inspection,629203.949,5220777.085,visited,1.34,,1.39 1.29,
GAP-V08-04-R029-9186-0821,inspection,629186.073,5220820.905,visited,1.28,,1.34 1.19,
GAP-V08-04-R031-9188-0803,inspection,629187.666,5220803.338,visited,1.13,,1.06 1.18,
GAP-V08-04-R032-9196-0776,inspection,629196.304,5220776.006,visited,1.3,,1.41 1.24,
GAP-V08-04-R032-9178-0820,inspection,629178.199,5220819.903,visited,1.16,,1.21 1.15,
GAP-V08-04-R033-9202-0755,inspection,629202.074,5220754.791,visited,1.23,,1.20 1.23,
GAP-V08-04-R033-9194-0775,inspection,629193.881,5220774.967,visited,1.31,,1.27 1.34,
GAP-V08-04-R033-9184-0799,inspection,629183.844,5220799.195,visited,1.41,,1.35 1.27,
GAP-V08-04-R034-9200-0754,inspection,629199.698,5220754.297,visited,1.27,,1.34 1.20,
GAP-V08-04-R034-9172-0821,inspection,629172.25,5220821.337,visited,1.35,,1.15 1.25,
GAP-V08-04-R047-9172-0734,inspection,629172.09,5220734.184,visited,1.12,,1.13 1.28,
GAP-V08-04-R049-9168-0730,inspection,629168.118,5220730.459,visited,1.27,,1.34 1.20,
GAP-V08-04-R051-9171-0711,inspection,629170.55,5220710.923,visited,1.22,,1.39 1.17,
GAP-V08-04-R051-9140-0786,inspection,629139.737,5220786.182,visited,1.18,,1.25 1.30,
GAP-V08-04-R052-9147-0763,inspection,629146.568,5220762.924,visited,1.12,,1.08 1.27,
GAP-V08-04-R052-9130-0803,inspection,629130.027,5220803.324,visited,1.22,,1.09 1.23,
GAP-V09-01-R015-9110-0717,inspection,629110.257,5220716.593,over_budget,22.47,13.0,22.41 22.53,over the outside budget: not added
GAP-V09-01-R022-9103-0689,inspection,629103.29,5220688.604,visited,1.41,,1.45 1.30,
GAP-V09-01-R037-9028-0720,inspection,629027.984,5220720.297,visited,1.39,,1.36 1.41,
GAP-V09-01-R038-9039-0698,inspection,629038.644,5220698.431,visited,1.32,,1.65 1.64,
GAP-V09-01-R038-9021-0725,inspection,629021.255,5220725.026,visited,1.39,,1.62 1.70,
GAP-V09-01-R040-9060-0655,inspection,629059.787,5220655.324,visited,1.26,,1.22 1.50,
GAP-V09-01-R044-9011-0720,inspection,629010.622,5220720.232,visited,1.09,,0.77 1.24,
GAP-V12-04-R020-9207-0565,inspection,629207.373,5220565.114,visited,1.01,,1.04 1.05,
GAP-V13-09a-R001-9481-0527,inspection,629481.392,5220527.486,over_budget,45.22,20.8,38.93 51.52,over the outside budget: not added
GAP-V13-09a-R002-9475-0528,inspection,629475.054,5220528.328,over_budget,39.94,20.2,36.85 43.05,over the outside budget: not added
GAP-V13-09a-R002-9483-0530,inspection,629482.604,5220530.186,over_budget,47.51,20.2,44.22 50.80,over the outside budget: not added
GAP-V13-09a-R002-9489-0532,inspection,629489.304,5220531.834,over_budget,54.24,20.2,51.73 56.75,over the outside budget: not added
GAP-V13-09a-R003-9471-0530,inspection,629471.408,5220529.531,over_budget,37.38,19.3,34.13 40.68,over the outside budget: not added
GAP-V13-09a-R003-9478-0531,inspection,629478.206,5220531.203,over_budget,44.08,19.3,41.63 46.54,over the outside budget: not added
GAP-V13-09a-R003-9485-0533,inspection,629484.542,5220532.762,over_budget,50.4,19.3,47.71 53.11,over the outside budget: not added
GAP-V13-09a-R004-9487-0536,inspection,629486.829,5220535.59,over_budget,53.75,18.4,49.88 57.65,over the outside budget: not added
GAP-V13-09a-R005-9490-0539,inspection,629490.255,5220538.605,over_budget,58.22,17.7,55.08 61.38,over the outside budget: not added
GAP-V13-09a-R006-9480-0539,inspection,629479.799,5220538.815,over_budget,49.54,17.7,47.17 51.94,over the outside budget: not added
GAP-V13-09a-R008-9480-0543,inspection,629480.183,5220543.195,over_budget,52.54,17.6,47.47 57.72,over the outside budget: not added
GAP-V13-09a-R009-9488-0547,inspection,629488.234,5220547.397,over_budget,61.45,17.6,58.34 64.59,over the outside budget: not added
GAP-V13-09a-R010-9489-0550,inspection,629488.733,5220549.545,over_budget,63.17,17.6,60.81 65.55,over the outside budget: not added
GAP-V14-04-R022-9179-0537,inspection,629178.607,5220536.837,visited,1.18,,1.15 1.21,
GAP-V14-04-R001-9222-0510,inspection,629221.694,5220510.394,visited,1.09,,0.97 0.98,
GAP-V14-04-R001-9194-0526,inspection,629193.713,5220525.684,visited,0.05,,1.01 1.18,
GAP-V14-04-R001-9165-0541,inspection,629164.938,5220541.348,visited,0.37,,1.24 1.11,
GAP-V14-04-R002-9218-0510,inspection,629217.544,5220510.155,visited,1.21,,1.11 1.08,
GAP-V14-04-R002-9181-0530,inspection,629180.918,5220530.048,visited,1.1,,1.09 1.05,
GAP-V14-04-R002-9170-0536,inspection,629169.919,5220535.987,visited,1.05,,1.08 1.02,
GAP-V14-04-R003-9204-0515,inspection,629204.05,5220515.013,visited,1.15,,1.43 0.96,
GAP-V14-04-R003-9164-0537,inspection,629163.835,5220536.688,visited,0.92,,1.14 1.25,
GAP-V14-04-R004-9173-0529,inspection,629173.175,5220528.87,visited,1.13,,1.15 1.10,
GAP-V14-04-R004-9167-0532,inspection,629167.225,5220532.11,visited,1.07,,1.10 1.05,
GAP-V14-04-R009-9182-0511,inspection,629181.802,5220511.233,unreachable,12.61,,12.67 12.56,no walkable connection to START
GAP-V14-04-R010-9215-0491,inspection,629214.556,5220490.789,visited,1.08,,1.19 1.11,
GAP-V14-04-R011-9224-0483,inspection,629224.348,5220482.665,visited,1.06,,1.21 1.16,
GAP-V14-04-R011-9216-0487,inspection,629216.046,5220487.181,visited,1.18,,1.13 1.01,
GAP-V14-04-R012-9212-0487,inspection,629212.068,5220486.788,visited,1.03,,1.40 1.10,
GAP-V14-04-R013-9215-0482,inspection,629214.892,5220482.365,visited,1.1,,1.11 1.08,
GAP-V14-04-R013-9206-0487,inspection,629205.866,5220487.275,visited,1.2,,1.07 1.32,
GAP-V14-04-R014-9221-0477,inspection,629221.265,5220476.525,visited,0.29,,1.03 1.15,
GAP-V14-04-R015-9220-0474,inspection,629220.461,5220474.293,visited,1.12,,1.07 1.08,
GAP-V14-04-R015-9211-0479,inspection,629211.255,5220479.291,visited,1.21,,1.02 1.21,
GAP-V14-04-R016-9217-0474,inspection,629216.72,5220473.798,visited,1.0,,1.19 1.08,
GAP-V13-09b-R003-9488-0509,inspection,629488.372,5220509.422,over_budget,43.84,41.2,38.87 48.82,over the outside budget: not added
GAP-V13-09b-R004-9491-0512,inspection,629491.289,5220512.094,over_budget,47.48,37.6,44.71 50.25,over the outside budget: not added
GAP-V13-09b-R006-9486-0515,inspection,629485.761,5220515.182,over_budget,43.63,34.2,40.63 46.63,over the outside budget: not added
GAP-V13-09-R014-9487-0527,inspection,629486.656,5220526.729,over_budget,49.59,22.5,46.70 52.48,over the outside budget: not added
GAP-V26-18-R002-9892-9908,inspection,629892.26,5219907.5,visited,1.32,,1.39 1.69,
GAP-V26-18-R003-9896-9898,inspection,629895.999,5219898.09,visited,1.54,,1.49 1.14,
GAP-V26-18-R006-9890-9891,inspection,629890.058,5219891.126,visited,1.3,,4.11 1.49,
GAP-V30-18-R006-9979-9693,inspection,629978.651,5219692.66,visited,1.34,,1.41 1.28,
GAP-V30-18-R002-9934-9651,inspection,629934.145,5219651.046,visited,1.06,,1.00 1.12,
GAP-V30-18-R002-9951-9667,inspection,629951.272,5219666.99,visited,1.19,,1.47 1.27,
GAP-V30-18-R002-9966-9681,inspection,629966.154,5219680.878,visited,1.19,,1.44 1.64,
GAP-V30-18-R003-9949-9668,inspection,629948.501,5219668.105,visited,1.21,,1.33 1.04,
GAP-V30-18-R003-9964-9683,inspection,629964.358,5219683.09,visited,1.18,,1.08 1.20,
GAP-V30-18-R004-9930-9654,inspection,629930.066,5219654.301,visited,1.34,,1.47 1.61,
GAP-V30-18-R004-9943-9666,inspection,629942.778,5219666.328,visited,1.17,,1.21 1.12,
GAP-V30-21-R002-0083-9683,inspection,630082.653,5219683.311,visited,1.1,,1.28 1.10,
GAP-V31-17-R004-9896-9613,inspection,629896.017,5219612.54,over_budget,52.59,21.5,55.15 50.01,over the outside budget: not added
GAP-V31-19-R012-0027-9618,inspection,630026.853,5219618.279,over_budget,9.19,16.3,9.18 10.69,over the outside budget: not added
GAP-V31-19-R022-0022-9625,inspection,630021.696,5219625.235,visited,0.74,,0.80 0.81,
GAP-V31-19-R006-0010-9633,inspection,630009.747,5219633.053,visited,1.13,,1.07 1.25,
GAP-V31-19-R008-0004-9634,inspection,630004.179,5219634.49,visited,1.12,,1.18 1.27,
GAP-V32-18b-R004-9941-9579,inspection,629940.759,5219579.238,over_budget,71.92,18.2,73.61 70.27,over the outside budget: not added
GAP-V31-20-R008-0052-9580,inspection,630051.744,5219580.431,over_budget,10.53,32.1,10.54 11.15,over the outside budget: not added
GAP-V31-20-R009-0046-9576,inspection,630046.023,5219576.365,over_budget,10.65,32.1,8.59 13.52,over the outside budget: not added
PLANTING-V31-20-R010-0046-9580,inspection,630045.904,5219580.289,over_budget,6.89,32.1,9.93 5.89,over the outside budget: not added
GAP-V31-20-R002-0049-9593,inspection,630049.141,5219592.701,visited,1.22,,1.17 1.11,
GAP-V31-20-R003-0049-9596,inspection,630048.807,5219596.222,visited,1.1,,1.10 1.13,
GAP-V31-20-R004-0038-9586,inspection,630037.893,5219585.59,visited,1.2,,1.08 1.10,
GAP-V31-20-R004-0044-9593,inspection,630043.629,5219593.241,visited,1.19,,1.08 1.17,
GAP-V33-22-R002-0128-9510,inspection,630127.79,5219510.396,visited,1.42,,1.42 1.48,
GAP-V33-22-R003-0147-9540,inspection,630147.13,5219539.59,visited,1.46,,1.56 1.38,
GAP-V33-22-R017-0115-9565,inspection,630115.356,5219565.39,visited,1.16,,1.12 1.12,
GAP-V33-22-2-R001-0155-9496,inspection,630154.517,5219496.378,over_budget,30.99,75.7,30.86 31.12,over the outside budget: not added
GAP-V33-22-2-R002-0151-9495,inspection,630151.154,5219495.288,unreachable,29.05,,28.99 29.14,no walkable connection to START
GAP-V35-22-R002-0125-9406,inspection,630125.232,5219406.005,over_budget,99.69,20.7,102.34 97.09,over the outside budget: not added
GAP-V35-22-R003-0122-9406,inspection,630121.925,5219405.508,over_budget,100.14,20.7,103.02 97.31,over the outside budget: not added
GAP-V35-22-R003-0148-9438,inspection,630147.927,5219438.078,over_budget,72.29,20.7,74.83 69.98,over the outside budget: not added
GAP-V35-22-R004-0126-9416,inspection,630125.934,5219416.066,over_budget,89.66,105.4,92.23 87.15,over the outside budget: not added
GAP-V34-24-R005-0228-9445,inspection,630228.013,5219445.278,over_budget,6.12,8.9,5.68 9.03,over the outside budget: not added
GAP-V34-24-R004-0233-9450,inspection,630233.269,5219450.147,unreachable,4.28,,3.20 4.27,no walkable connection to START
GAP-V34-24-R003-0229-9441,inspection,630228.628,5219440.873,over_budget,5.61,47.4,8.51 3.26,over the outside budget: not added
GAP-V34-24-R003-0238-9453,inspection,630237.774,5219453.356,visited,0.85,,2.24 2.55,
GAP-V34-24-R002-0237-9449,inspection,630236.508,5219448.59,visited,0.86,,0.95 1.35,
GAP-V34-24-R002-0228-9437,inspection,630227.949,5219436.824,over_budget,8.58,44.4,5.59 11.59,over the outside budget: not added
GAP-V35-25-R004-0321-9364,inspection,630321.487,5219363.695,over_budget,11.48,7.9,13.27 10.14,over the outside budget: not added
GAP-V35-25-R005-0317-9362,inspection,630317.436,5219361.817,over_budget,13.74,11.3,23.58 5.84,over the outside budget: not added
GAP-V35-25-R006-0326-9377,inspection,630326.141,5219377.176,visited,0.48,,3.51 1.22,
GAP-V35-25-R007-0325-9379,inspection,630324.606,5219379.4,visited,1.21,,1.23 1.44,
GAP-V35-25-R008-0322-9379,inspection,630321.583,5219378.928,visited,1.38,,1.01 3.40,
GAP-V35-25-R027-0291-9422,inspection,630290.79,5219421.62,visited,1.07,,0.93 1.18,
GAP-V35-25-R028-0286-9420,inspection,630285.797,5219420.479,visited,1.33,,3.76 3.33,
GAP-V35-26a-R002-0336-9443,inspection,630336.331,5219443.451,visited,1.19,,1.11 1.07,
GAP-V35-26a-R003-0345-9454,inspection,630345.353,5219454.367,visited,0.99,,1.25 1.07,
GAP-V35-26a-R004-0334-9447,inspection,630333.521,5219447.482,visited,1.1,,1.10 1.12,
GAP-V35-26a-R007-0322-9448,inspection,630322.203,5219447.525,visited,1.03,,1.00 1.03,
GAP-V35-26a-R007-0347-9469,inspection,630347.283,5219468.67,visited,1.05,,1.14 1.55,
PLANTING-V35-26b-R001-0357-9419,inspection,630357.007,5219418.562,visited,0.95,,1.87 4.01,
GAP-V35-26b-R004-0350-9413,inspection,630350.074,5219413.399,visited,1.11,,1.10 1.24,
GAP-V35-26b-R006-0348-9408,inspection,630347.804,5219407.766,visited,1.29,,1.24 1.40,
GAP-V35-26b-R006-0341-9416,inspection,630340.537,5219416.123,visited,1.24,,0.74 1.61,
GAP-V35-26b-R008-0336-9414,inspection,630335.574,5219413.83,visited,1.06,,1.41 1.08,
GAP-V35-22-2b-R003-0139-9377,inspection,630138.81,5219376.874,over_budget,77.33,24.5,77.70 76.95,over the outside budget: not added
GAP-V35-22-2b-R004-0150-9396,inspection,630149.637,5219395.886,over_budget,78.45,24.7,80.53 76.24,over the outside budget: not added
GAP-V36-24-R002-0238-9294,inspection,630237.903,5219293.928,visited,1.13,,1.47 1.51,
GAP-V36-24-R002-0251-9315,inspection,630251.449,5219315.208,visited,1.16,,1.37 1.29,
GAP-V36-24-R002-0257-9324,inspection,630256.85,5219323.691,visited,1.19,,1.35 1.22,
GAP-V36-24-R003-0248-9314,inspection,630247.716,5219314.213,visited,1.18,,1.26 1.39,
GAP-V36-24-R003-0255-9326,inspection,630255.105,5219325.831,visited,0.9,,1.25 1.36,
GAP-V36-24-R005-0235-9305,inspection,630235.339,5219305.149,visited,1.12,,1.26 1.23,
GAP-V36-24-R005-0254-9335,inspection,630254.45,5219335.02,visited,0.97,,1.26 1.13,
GAP-V36-24-R006-0230-9301,inspection,630229.765,5219301.3,visited,1.12,,1.75 1.25,
GAP-V36-24-R006-0240-9317,inspection,630239.922,5219317.091,visited,1.16,,1.09 1.43,
GAP-V36-24-R007-0231-9308,inspection,630231.161,5219307.909,visited,1.15,,1.05 1.24,
GAP-V36-24-R008-0238-9323,inspection,630237.961,5219323.207,visited,1.17,,0.70 1.16,
GAP-V36-24-R009-0223-9304,inspection,630222.964,5219304.394,visited,1.42,,1.10 1.09,
GAP-V36-24-R009-0227-9311,inspection,630227.009,5219310.74,visited,1.32,,1.21 1.19,
GAP-V36-24-R010-0221-9305,inspection,630220.537,5219305.489,visited,0.3,,1.46 1.19,
GAP-V36-24-R011-0215-9302,inspection,630215.264,5219302.221,visited,1.14,,1.34 1.25,
GAP-V36-24-R011-0230-9325,inspection,630229.943,5219325.125,visited,1.16,,1.35 1.19,
GAP-V36-24-R011-0249-9356,inspection,630249.448,5219355.721,visited,1.17,,1.33 1.74,
GAP-V36-24-R015-0213-9320,inspection,630212.627,5219319.748,visited,1.4,,1.67 1.73,
GAP-V36-24-R015-0233-9351,inspection,630232.854,5219351.416,visited,1.33,,1.64 1.40,
GAP-V36-24-R015-0238-9360,inspection,630238.337,5219360.017,visited,1.36,,1.38 1.43,
GAP-V36-24-R016-0213-9326,inspection,630212.947,5219326.069,visited,1.33,,1.45 1.40,
GAP-V36-24-R016-0233-9357,inspection,630232.707,5219357.063,visited,1.36,,1.36 1.56,
GAP-V36-24-R017-0212-9330,inspection,630212.157,5219330.466,visited,1.36,,1.36 1.41,
GAP-V36-24-R018-0221-9349,inspection,630220.83,5219349.286,visited,1.12,,1.28 1.35,
GAP-V36-24-R018-0225-9356,inspection,630225.06,5219355.921,visited,1.21,,1.28 1.36,
GAP-V36-24-R018-0229-9363,inspection,630229.32,5219362.604,visited,1.2,,1.27 1.18,
GAP-V36-24-R019-0209-9336,inspection,630209.218,5219335.975,visited,1.35,,1.46 1.31,
GAP-V36-24-R019-0220-9353,inspection,630220.308,5219353.394,visited,1.3,,1.31 1.46,
GAP-V36-24-R019-0227-9364,inspection,630227.331,5219364.411,visited,1.22,,1.38 1.49,
GAP-V36-24-R020-0201-9329,inspection,630201.475,5219328.607,visited,1.12,,1.05 1.19,
GAP-V36-24-R020-0212-9345,inspection,630211.721,5219344.717,visited,1.17,,1.14 1.19,
GAP-V36-24-R020-0216-9351,inspection,630215.739,5219351.02,visited,1.07,,1.21 1.18,
GAP-V36-24-R020-0220-9358,inspection,630220.218,5219358.047,visited,1.06,,1.09 1.08,
GAP-V36-24-R020-0225-9366,inspection,630225.477,5219366.296,visited,1.1,,1.12 1.31,
GAP-V36-24-R020-0230-9374,inspection,630230.153,5219373.632,visited,1.26,,1.42 1.14,
GAP-V36-24-R021-0202-9335,inspection,630202.464,5219335.062,visited,1.28,,1.48 1.39,
GAP-V36-24-R021-0226-9372,inspection,630225.893,5219371.815,visited,1.08,,1.41 1.13,
GAP-V38-23-R008-0231-9241,inspection,630231.237,5219241.377,visited,1.5,,1.17 1.31,
GAP-V38-23-R008-0210-9258,inspection,630210.392,5219257.638,visited,1.32,,1.56 1.17,
GAP-V38-23-R011-0197-9258,inspection,630196.771,5219257.746,visited,1.5,,1.32 1.35,
GAP-V38-23-R014-0185-9256,inspection,630185.398,5219256.081,visited,1.13,,1.43 1.26,
GAP-V38-23-R018-0204-9228,inspection,630203.541,5219228.245,visited,0.95,,1.19 1.11,
GAP-V38-23-R019-0177-9245,inspection,630177.295,5219244.883,over_budget,4.09,30.7,4.14 4.04,over the outside budget: not added
GAP-V38-23-R019-0172-9249,inspection,630172.249,5219248.819,over_budget,4.16,13.3,4.15 4.07,over the outside budget: not added
GAP-V38-23-R021-0192-9227,inspection,630191.853,5219226.604,unreachable,9.47,,9.73 9.50,no walkable connection to START
GAP-V38-23-R021-0183-9233,inspection,630183.443,5219233.165,unreachable,9.47,,9.59 9.71,no walkable connection to START
GAP-V37-22-R002-0150-9279,inspection,630149.986,5219279.345,visited,1.01,,0.92 0.91,
GAP-V37-22-R002-0144-9285,inspection,630144.094,5219284.875,visited,1.03,,0.91 0.99,
GAP-V37-22-R002-0130-9298,inspection,630130.257,5219297.859,over_budget,15.35,12.3,11.54 19.17,over the outside budget: not added
GAP-V37-22-R003-0146-9281,inspection,630145.716,5219280.517,visited,0.98,,1.05 1.05,
GAP-V37-25-R010-0293-9311,inspection,630292.939,5219310.677,over_budget,38.63,20.0,39.00 38.48,over the outside budget: not added
